{
  "monthly": [
    {
      "cacheCreationTokens": 776883,
      "cacheReadTokens": 590097399,
      "inputTokens": 19660736,
      "modelsUsed": [
        "[pi] mimo-v2.5-pro",
        "[pi] gpt-5.5",
        "[pi] deepseek-v4-pro",
        "[pi] claude-opus-4-8"
      ],
      "month": "2026-06",
      "outputTokens": 1903428,
      "totalCost": 286.6253477440001,
      "totalTokens": 612438446
    }
  ],
  "totals": {
    "cacheCreationTokens": 776883,
    "cacheReadTokens": 590097399,
    "inputTokens": 19660736,
    "outputTokens": 1903428,
    "totalCost": 286.6253477440001,
    "totalTokens": 612438446
  }
}
